{
  "max_depth": 4,
  "learning_rate": 0.1380126913372672,
  "subsample": 0.924534169069305,
  "colsample_bytree": 0.7830100449157018,
  "min_child_weight": 7,
  "gamma": 4.510515637100098,
  "reg_alpha": 0.7981044555011211,
  "reg_lambda": 0.5048136946756506,
  "early_stopping_rounds": 15,
  "min_delta": 0.07099293539544461
}